workload,Count
120.0,7319
110.0,6159
100.0,5099
90.0,4139
80.0,3279
70.0,2519
60.0,1859
50.0,1299
40.0,839
30.0,479
440.0,97239
420.0,88619
430.0,92879
400.0,80399
410.0,84459
390.0,76439
370.0,68819
380.0,72579
360.0,65159
340.0,58139
350.0,61599
20.0,219
320.0,51519
330.0,54779
310.0,48359
290.0,42339
300.0,45299
280.0,39479
260.0,34059
270.0,36719
250.0,31499
240.0,29039
230.0,26679
220.0,24419
210.0,22259
200.0,20199
190.0,18239
180.0,16379
170.0,14619
10.0,59
160.0,12959
150.0,11399
140.0,9939
130.0,8579

